Title;Location;Price;Posted On;Pillar Size;Tank Capacity;Road Size;Road Type;Built On;Land Area;House Area;Beds;Living;Kitchen;Bathrooms;Property Face Direction;Parking Space;Amenities
Sitapaila House Is On Sale;location: Kathmandu,Sitapaila;Rs NPR 22000000/-;2 days ago;9*12 inchs;12000 Liters;10 Feets;Concrete;2071 B.S;4 Anna;1910 sq.ft;5;2;2;3;EAST;2 Car & 5 Bikes;['Modular Kitchen', 'Water Well']
Chandragiri,Balambu House Is On Sale;location: Kathmandu, Balambu;Rs NPR 2.25 Crore;2 days ago;12*12 Inchs;12000 liters;13 Feet;Gravel;2079 B.S;4 Anna;2500 Sq ft;4;2;2;3;East;2 Cars & 3 Bikes;['Water Well']
Rai Chowk House on Sale;location: Kathmandu,Rai Chowk;Rs NPR 2,50,00,000/-;3 days ago;9*12 inch;10000 Liters;12 Feets;Concrete;2070 B.S;0-3-3-2 Anna;2150 Sq.Ft;6;1;2;3;EAST;1 Car & 2 Bikes;['Solar', 'Modular Kitchen', 'Water Well']
Lalitpur,Sainbu House Is On Sale;location: Lalitpur,Sainbu;Rs NPR 3.50crore/-;3 days ago;12*12 Inchs;12000 liters;13 Feets;Gravel;2076B.S;0.4.2.5 Anna;7569 Sq ft;4;1;1;2;West-South;2 Cars & 3 Bikes;['Solar', 'Modular Kitchen', 'Water Well']
Bhaisepati Aawas On Sale;location: Lalitpur,Bhaisepati;Rs NPR 16,00,00,000/-;3 days ago;9*9 Inch;12000 liters;18Feets;Black Topped;2058 B.S;12 Anna;4879 Sq ft;11;2;1;9;East;3 Cars & 5 Bikes;['Solar', 'Water Well', 'Servent Quarter']
Aadheshwor House Is On Sale;location: Kathmandu,Sitapaila;Rs NPR 30000000/-;1 week ago;12*12 Inchs;7000 liters;10 Feets;Concrete;2079 B.S;0.3.2.5 ANNA;2550 Sq ft;6;2;2;3;North-East;1 Car & 2 Bikes;['Solar', 'Water Filter', 'Modular Kitchen', 'Water Well']
Ramkot Near Padma Colony House Is On Sale;location: Kathmandu, Ramkot;Rs NPR 2.60 CR/-;1 week ago;12*12 Inchs;12000 Liters;16 feets;Concrete;2075 B.S;3.2 Anna;2500 Sq.ft;6;3;2;3;WEST;1 Car & 2 Bikes;['Solar']
Swoyambhu , Karkhana Chowk House Is On Salw;location: Swoyambhu , Karkhana Chowk;Rs NPR 3.8 Cr/-;3 weeks ago;12*12 Inchs;12000 liters;13 Feet;Concrete;2079 B.S;0.4.2.0 Anna;2900 Sq ft;6;2;2;3;North- East;1 Cars & 4 Bikes;['Solar', 'Modular Kitchen']
Sitapaila, 2 Crore House;location: Kathmandu, Sitapaila, Towkhel;Rs NPR 22,000,000/-;3 weeks ago;12*12 Inchs;12000 Liters;13 Feets;Gravel;2078 B..S;0.2.5.0 Anna;2320 sq.ft.;6;1;1;3;WEST;1 Car & 3 Bikes;['Solar', 'Modular Kitchen']
Towkhel House On Sale;location: Kathmandu, Sitapaila;Rs NPR 20000000/-;3 weeks ago;12*12 Inchs;8000 Liters;10 Feet;Gravel;2074 B.S.;2.5 Anna;1615 Sq ft;4;1;1;3;West;1 Car & 3 Bikes;['Modular Kitchen', 'Water Well']
Sitapaila Near Civil Home House Is On Sale;location: Sitapaila,Civil Home;Rs Npr 27,500,000/-;2 weeks ago;12*12 Inchs;12000 liters;12 Feet;Concrete;2077 B.S;4.5 Anna;2825 Sq.ft;6;2;2;5;South;2 Cars & 3 Bikes;['Solar', 'Modular Kitchen', 'Water Well']
Sitapaila , Banglamukhi House Is On Sale;location: Sitapaila , Banglamukhi Mandir;Rs NPR 3.50crore/-;3 weeks ago;12*12 Inchs;12000 liters;14 Feet;Concrete;2078 B.S.;0.3.3.3;2500 Sq ft;4;1;1;3;West;2 Cars & 5 Bikes;['Solar', 'Modular Kitchen', 'Water Well']
Thankot House;location: Kathmandu, Thankot;Rs NPR 2.2 CR/-;1 month ago;12*9 Inchs;5000 Liters;13 Feets;Concrete;2072 B..S;3 Anna;2600 Sq.ft;8;2;2;3;EAST;1 Car & 2 Bikes;['Solar', 'Modular Kitchen']
Grand Bungalow on sale at Manamaiju;location: loktantrik chowk,Manamaiju,Kathmandu;Rs 7,35,00,000;1 month ago;2;4;13 feet;Ptiched;2015;9.25;5;4;2;1;4;south west;2;['Solar', 'Water Filter', 'Modular Kitchen', 'Water Well', 'Servent Quarter']
Thankot New Resident;location: Kathmandu, Thankot;Rs Rs 1,65,00,000;1 month ago;12*12 Inchs;12000 Liters;12 Feets;Gravel;2077 B.S;3 Anna;1910 sq.ft;4;2;1;3;WEST;1 Car & 4 Bikes;['Solar', 'Water Filter', 'Modular Kitchen', 'Water Well']
Thankot Near To High Vision Colony House On Sale;location: Kathmandu, Thankot;Rs NPR 18500000/-;1 month ago;12*12 Inchs;12000 Liters;13 Feets;Concrete;2079 B.S.;4.5 Anna;2700 sq.ft;8;2;2;3;EAST;1 Car & 1 Bikes;['No Amenities Available']
Thankot Near To High Vision Colony House On Sale;location: Kathmandu, Thankot;Rs NPR 11500000;1 month ago;12*12 Inchs;12000 Liters;13 Feets;Concrete;2079 B.S.;3.1 Anna;800 sq.ft.;3;1;1;1;EAST;1 Car & 3 Bikes;['No Amenities Available']
Thankot Near To High Vision Colony House On Sale;location: Kathmandu, Thankot;Rs NPR 17000000;1 month ago;12*12 Inchs;12000 Liters;13 Feets;Concrete;2079 B.S.;3.5 Anna;2500 Sq.ft;7;1;2;4;EAST;2 Car & 5 Bikes;['No Amenities Available']
Dhungedhara, Arahiti;location: Kathmandu, Dhungedhara;Rs 33,000,000/-;1 month ago;12*12 Inches;12000 Liters;13 Feets;Concrete;2079 B.S.;3 Anna;2867 Sq.ft;5;2;2;3;NORTH;1 Car & 3 Bikes;['Water Filter', 'Modular Kitchen', 'Water Well']
Kathmandu,Sanobharyang Bungalow On Sale;location: Kathmandu ,Sanobharyang;Rs NPR 31000000/-;1 month ago;12*12 Inchs;12000 Liters;12 Feet;Block paved;2072 B.S.;3.5 Aana;2300 sq.ft.;6;1;1;3;East;1 Car & 2 Bikes;['Solar', 'Water Well']
House sale in Dharan-4, Bhedetar, Tourist village.;location: Purwanchal Campus Football Ground, Panmara Road, LANGHALI CHOK, Dharan, Dharan Sub-Metropolitan, Dharan, Sunsari, Koshi Province, 56100, Nepal;Rs 21500000;1 month ago;12;10000;20 ft;Pitched;2079;10-12 dhur;10-12 dhur;16;4;2;16;East, West, North, South;10;['No Amenities Available']
Sitapaila,Syuchatar House On Sale;location: Kathmandu, Sitapaila,Syuchatar;Rs NPR 23500000;1 month ago;12*12 Inchs;12000 Liters;14 Feet;Gravel;2079 B.S.;3.1 Aana;2400 sq.ft.;5;2;2;3;South-EAST;1 Car & 3 Bikes;['Solar', 'Modular Kitchen']
Kathmandu,Budhanilkanta,Italitar House On Sale;location: Kathmandu,Budhanilkanta,Italitar;Rs Npr12,00,00,000/-;1 month ago;9*9 Inch;12000 Liters;13 Feets;Pitched;2059 B..S;14.5 Aana;3528 sq.ft.;5;2;1;5;SOUTH;3 Cars and 10 bikes;['Solar', 'Water Filter', 'Modular Kitchen', 'Water Well', 'Servent Quarter']
Bafal House On Sale;location: Kathmandu,Bafal;Rs Npr4.50CRORE;1 month ago;12*12 Inchs;12000 Liters;13 Feets;Gravel;2078 B..S;3.2 Anna;2800 Sq.ft;6;2;2;4;SOUTH;1 Car & 3 Bikes;['Solar', 'Modular Kitchen', 'Water Well']
Imadol,Gwarkhu House On Sale;location: LALITPUR, IMADOL,TEMPO PARK;Rs 31500000;1 month ago;12*12 Inchs;12000 Liters;13 Feets;Concrete;2078 B..S;0.3.5.0;2320 sq.ft.;5;2;2;3;WEST;1 Car & 2 Bikes;['Solar', 'Modular Kitchen', 'Water Well']
Sitapaila,Sita Homes House On Sale;location: Kathmandu,Sitapaila;Rs NPR 30000000/-;2 months ago;18*18 Inchs;10000litres;16 Feets;Black Topped;2078 B.S.;3 ANNA;2240 sq.ft;4;1;1;4;West;1 Car & 2 Bikes;['Solar', 'Water Filter', 'Modular Kitchen', 'Water Well']
Baniyatar House On Sale;location: Kathmandu, Baniyatar;Rs Npr 60000000/-;2 months ago;12*12 Inchs;12000 liters;12 Feet;Black Topped;2073 B.S;6 Anna;3210;6;3;1;3;South-East;2 Cars & 2 Bikes;['Solar', 'Water Filter', 'Water Well']
Towkhel House On Sale;location: Kathmandu,Towkhel;Rs NPR25500000 /-;2 months ago;12*12 Inchs;12000 liters;13 Feet;Concrete;2079 B.S;4.1 Aana;2900 Sq ft;6;1;2;4;East/South;1 Car & 2 Bikes;['Solar', 'Modular Kitchen']
Kimdol House On Sale;location: Kathmandu, Kimdol;Rs 61500000 /-;2 months ago;12*12 Inchs;12000 liters;13 Feets;Black Topped;2079 B.S.;5.3aana;3280 Sq.ft;5;1;1;6;South-West;2 Cars & 8 Bikes;['Solar', 'Water Filter', 'Modular Kitchen']
Dallu House On Sale;location: Kathmandu, Dallu;Rs 50000000;2 months ago;12*12 Inchs;12000 liters;13 Feets;Black Topped;2079 B.S.;5.3aana;3280 Sq.ft;5;1;1;6;South-West;2 Cars & 8 Bikes;['Solar', 'Water Filter', 'Modular Kitchen']
Sitapaila, Sita Home Colony House Is On Sale;location: Kathmandu, Sitapaila;Rs Rs 38,500,000/-;2 months ago;9*12 Inches;12000 Liters;16 feets;Black Topped;2073;5.3aana;3280 Sq.ft;5;1;1;6;South-West;2 Cars & 8 Bikes;['Solar', 'Water Filter', 'Modular Kitchen', 'Water Well', 'Servent Quarter']
Sano Bharayang House on Sale;location: KATHMANDU, SANOBHARYANG;Rs Rs 36000000/-;2 months ago;12*12 Inchs;12000 Liters;20 Feets;Concrete;2078 B.S.;3.2 Anna;3050 Sq.Ft;19;2;4;3;SOUTH;1 Car & 2 Bikes;['Solar', 'Modular Kitchen', 'Water Well']
Sukedhara house on best price;location: Sukedhara , Kathmandu;Rs Rs 31,000,000 /-;2 months ago;12*12 Inchs;6000 Liters;8 Feet's;Blocks;2078 B..S;2.5;1972 Sq.ft;3;1;1;2;SOUTH;1 Car & 1 Bikes;['Solar', 'Water Filter']
Brand New Bafal House on Best Price;location: KATHMANDU, BAFAL;Rs Rs 28,500,000/-;3 months ago;12*12 Inchs;12000 Liters;13 Feets;Concrete;2079 B.S.;4 Anna;2756 sq.ft;6;2;2;4;NORTH-WEST;2 Car & 2 Bikes;['Solar', 'Modular Kitchen', 'Water Well']
Chamati New House on Sell;location: Kathmandu, Chamati;Rs Rs 35,500,000/-;3 months ago;12*12 Inchs;12000 Liters;20 Feets;Black Topped;2078 B..S;3.1 Anna;2651.47;7;3;3;5;NORTH;1 Car & 3 Bikes;['Modular Kitchen', 'Water Well']
Sitapaila Brand New House on Sale;location: Kathmandu, Sitapaila;Rs Rs 55,000,000/-;3 months ago;12*12 Inchs;12000 liters;18 Feets;Black Topped;2079 B.S;6 Anna;3157 Sq.ft;7;2;2;5;South-West;2 Cars & 5 Bikes;['Solar', 'Water Filter', 'Modular Kitchen', 'Water Well']
House on Sale on Sitapaila;location: Kathmandu, Sitapaila;Rs 42,500,000/-;3 months ago;12*12 Inchs;12000 Liters;13 Feets;Concrete;2078 B..S;7 Anna;3512 Sq.ft.;6;3;2;7;WEST;2 Car & 5 Bikes;['Solar', 'Water Filter', 'Modular Kitchen', 'Water Well']
House for sale in Swayambhu;location: Swayambhu, Kathmandu;Rs 70,00,000 per aana;3 months ago;12;100;20;paved;1990;6 aana;5 aana;4;2;1;4;South;1;['No Amenities Available']
Sitapaila Brand New Home on Sale;location: Kathmandu, Sitapaila;Rs Rs 22,500,000/-;3 months ago;12*12 Inchs;12000 Liters;10 Feets;Gravel;2079 B.S.;2.2 Anna;1954 sq.ft;3;1;1;3;SOUTH;1 Car & 3 Bikes;['Solar', 'Modular Kitchen', 'Water Well']
Ramkot-Mahankal New House;location: Kathmandu, Ramkot;Rs Rs 28,500,000/-;3 months ago;12*12 Inchs;12000 liters;12 Feets;Concrete;2079 B.S;4 Anna;2944 Sq.ft;6;2;2;4;South;1 Car & 3 Bikes;['Solar', 'Modular Kitchen', 'Water Well']
Kalimati, Tankeshwor House and Land Sale;location: Kathmandu, Kalimati,Tankeshwor;Rs Rs 8,000,000/Lakh Per Anna;4 months ago;Wall System;12000 liters;13 Feets;Concrete;2079 B.S;21.3 Anna;2944 Sq.ft;4;2;1;4;SOUTH;10 Cars & 10-15 Bikes;['Solar', 'Modular Kitchen', 'Water Well', 'Servent Quarter']
Padma Colony House Sale;location: Kathmandu, Ramkot, Padma Colony;Rs 4.2 Crore;4 months ago;12*12 Inchs;12000 Liters;16 feets;Concrete;2074 B.S;0-7-2-0;3100 sq.ft;9;3;2;6;EAST;2 Cars & 3 Bikes;['Solar', 'Water Filter', 'Water Well']
Gongabu House for Sale;location: Kathmandu, Gongabu;Rs 24500000;4 months ago;12*12 Inchs;12000 Liters;12 Feet;Gravel;2074 B.S;2.2 Anna;3100 sq.ft;6;3;2;3;NORTH;1 Car & 2 Bikes;['No Amenities Available']
Lalitpur/ Sangam Basti House On Sale;location: Lalitpur/ Sangam Basti;Rs Rs 68,000,000/-;4 months ago;12*12 Inchs;10000 Liters;13 Feet;Concrete;2074 B.S;6 Anna;3100 sq.ft;5;1;1;4;NORTH;1 Car & 3 Bikes;['Solar', 'Water Filter', 'Modular Kitchen', 'Water Well']
Residential House at Golfutar / Bansbari;location: Kathmandu, Bansbari;Rs 45000000;4 months ago;12*12 Inchs;10000 Liters;13 Feets;Concrete;2074 B.S;4 Anna;3100 sq.ft;7;2;2;5;SOUTH-EAST;1 Car & 3 Bikes;['Modular Kitchen', 'Water Well']
Bansbari Semi-Bungalow;location: Kathmandu, Budhanilkantha, Golfutar, Bansbari;Rs Rs 80,000,000/-;4 months ago;12*12 Inchs;12000 Liters;16 feets;Concrete;;16 Anna;;11;3;1;7;EAST-SOUTH;3 Cars and 10 bikes;['Solar', 'Modular Kitchen', 'Water Well', 'Servent Quarter']
Sanobharyang Brand New House;location: Kathmandu/ Nagarjung/ Sanobharyang;Rs Rs 29,900,000/-;4 months ago;12*12 Inchs;12000 Liters;12 Feets;Concrete;;0.3.0.1 Anna;;7;2;2;4;NORTH;1 Car & 5 Bikes;['Modular Kitchen', 'Water Well']
Halchowk House;location: Kathmandu, Nagarjung, Halchowk;Rs 37500000;4 months ago;12*12 Inchs;12000 Liters;13 Feets;Concrete;;3.3.2 Anna;;8;2;2;4;NORTH-WEST;2 Car & 5 Bikes;['Water Well']
Bafal House for Sale;location: Kathmandu, Nagarjung, Bafal;Rs 325000000;4 months ago;12*12 Inchs;12000 Liters;14 Feet;Black Topped;;3 Anna;1026.75 sq.ft;5;1;2;3;SOUTH;1 Car & 3 Bikes;['Solar', 'Modular Kitchen', 'Water Well']
Dallu House On Sale;location: Kathmandu, Dallu;Rs 28500000;4 months ago;9*9 Inchs;12000 Liters;20 Feets;Black Topped;;3.2 Anna;1026.75 sq.ft;4;2;2;3;SOUTH-WEST;1 Car & 3 Bikes;['Solar', 'Water Well']
Lolang Land;location: Kathmandu, Tarkeshwor, Lolang;Rs 30 LAKH PER ANNA;5 months ago;9*9 Inchs;12000 Liters;13 Feets;Concrete;;0-12-3-2;1026.75 sq.ft;4;2;2;3;South-EAST;1 Car & 3 Bikes;['No Amenities Available']
RANIBAN HOUSE FOR SALE;location: KATHMANDU, NAGARJUNG, RANIBAN;Rs 60000000;5 months ago;12*12 Inch;10000 Liters;14 Feet;Black Topped;;10.1.2 Anna;1026.75 sq.ft;6;3;3;7;WEST / NORTH;2 Car & 3 Bikes;['Solar', 'Modular Kitchen', 'Water Well']
Thulo Bharayang House on Sale;location: Kathmandu, Thulo Bharayang;Rs Rs 41,500,000;5 months ago;12*12 Inchs;12000 liters;13 Feets;Concrete;2079 B.S;0.4.1.1 Anna;3125 sq.ft;7;1;3;6;East- North;2 Cars & 4 Bikes;['Solar', 'Modular Kitchen', 'Water Well']
Milan Tole Sitapaila;location: Kathmandu / Sitapaila / Milan Tole;Rs 42000000;5 months ago;9*12 inch;12000 Liters;13 Feets;Blocks;2079 B.S;8 Anna;3125 sq.ft;8;2;3;5;EAST;2 Cars & 2 Bikes;['No Amenities Available']
SANOBHARYANG HOUSE FOR SALE;location: KATHMANDU / NAGARJUNG / SANOBHARYANG;Rs 31500000;5 months ago;;12000 Liters;13 Feets;Concrete;;3 Anna;;6;2;2;3;NORTH;1 Car & 3 Bikes;['No Amenities Available']
RADHA KRISHNA MANDIR HOUSE ON SALE;location: KATHMANDU, RADHA KRISHNA;Rs 26500000;5 months ago;;12000 Liters;13 Feets;Black Topped;;3 Anna;;5;1;1;3;SOUTH;1 Car & 2 Bikes;['Solar']
Sano Bharayang House;location: Kathmandu, Sano Bhanrayang;Rs Rs 37,500,000;5 months ago;12*12 Inchs;12000 liters;13 Feets;Concrete;2074 B.S.;0.5.2.0;3185 Sq.ft;6;2;2;5;South-West;2 Cars & 5 Bikes;['Solar', 'Water Filter', 'Modular Kitchen', 'Water Well']
BUDDHA CHOWK PROPERTY;location: KATHMANDU,BUDDHA CHOWK, GANESH CHOWK;Rs 22500000;5 months ago;12*12 Inchs;6000 Liters;12 Feets;Concrete;2074 B.S.;2 Anna 3 Paisa 2 Dam;3185 Sq.ft;6;2;2;5;WEST / NORTH;2 Cars & 5 Bikes;['No Amenities Available']
RANIBAN/ TINGHARE HOUSE / LAND;location: KATHMANDU / RANIBAN / TINGHARE;Rs 60 LAKH PER ANNA ACCORDING TO THE LAND;5 months ago;12*12 Inchs;6000 Liters;22 FEETS ROAD;Black Topped;2074 B.S.;7 Aana;3185 Sq.ft;6;2;2;5;EAST;2 Car & 3 Bikes;['No Amenities Available']
Sano Bharayang, Tin Ghare House on Sale;location: Kathmandu, Sano bharayang;Rs Rs 26,000,000;6 months ago;12*12 Inchs;10000 Liters;13 Feets;Concrete;2076 B.S;3.1 Anna;2359 sq.ft;5;2;2;4;WEST;1 Car & 3 Bikes;['Solar', 'Modular Kitchen']
CHAMATI PROPERTY FOR SALE;location: KATHMANDU, CHAMATI;Rs 29500000;6 months ago;12*12 Inchs;10000 Liters;20 Feets;Black Topped;2079 B.S.;2.5 Anna;2225 sq feet;8;2;1;3;EAST;1 Car & 2 Bikes;['No Amenities Available']
Swoyambhu House on Sale;location: Kathmandu, Swoyambhu, Karkhana chowk;Rs Rs33,500,000;6 months ago;12*12 Inchs;12000 Liters;16 feets;Blocks;2073 B.s;4 Anna;2320 sq.ft.;4;2;1;5;NORTH;1 Car & 3 Bikes;['Solar', 'Water Filter', 'Modular Kitchen', 'Water Well']
RANIBAN SUNRISE PROPERTY;location: KATHMANDU, NAGARJUNG, RANIBAN;Rs 30000000;6 months ago;12*12 Inchs;12000 Liters;13 Feets;Gravel;2073 B.s;4 Anna;2320 sq.ft.;4;2;2;1;East;1 Car & 2 Bikes;['No Amenities Available']
SITAPAILA-4 PROPERTY FOR SALE;location: KATHMANDU, SITAPAILA;Rs 38500000;6 months ago;12*12 Inch;10000 Liters;10 Feets;Concrete;;6.1.9 Anna;;9;1;2;4;WEST;2 Car & 6 Bikes;['No Amenities Available']
IMADOL PROPERTY FOR SALE;location: IMADOL, LALITPUR;Rs 27500000;6 months ago;12*12 Inch;10000 Liters;13 Feets;Blocks;;3 Anna;;5;1;1;3;EAST;1 Car & 3 Bikes;['No Amenities Available']
IMADOL HOUSE FOR SALE;location: LALITPUR, IMADOL;Rs 27500000;6 months ago;12*12 Inch;10000 Liters;13 Feets;Gravel;;3 Anna;;6;1;1;5;NORTH;1 Car & 2 Bikes;['Solar', 'Modular Kitchen']
IMADOL SHEETAL HEIGHT HOUSE;location: LALITPUR, IMADOL;Rs 34500000;6 months ago;12*12 Inch;10000 Liters;13 Feets;Gravel;;5 Anna;;7;2;2;7;EAST;2 Car & 3 Bikes;['No Amenities Available']
SANOBHARYANG HOUSE FOR SALE;location: KATHMANDU, SANOBHARYANG;Rs 49000000;6 months ago;12*12 Inch;10000 Liters;20 Feets;Blocks;;4.2 Anna;;5;2;1;2;SOUTH-EAST;1 Car & 3 Bikes;['No Amenities Available']
CHAMATI HOUSE FOR SALE;location: KATHMANDU, CHAMATI;Rs 27000000;6 months ago;12*12 Inch;10000 Liters;20 Feets;Black Topped;;2.5 Anna;;5;1;2;3;SOUTH;1 Car & 3 Bikes;['No Amenities Available']
SORAKHUTTE-16 HOUSE ON SALE;location: KATHMANDU, SORAKHUTTE;Rs 25000000;6 months ago;9*9 Inch;10000 Liters;7 FT;Concrete;2064 B.S;2.3 Anna;;12;4;2;4;EAST;5 Bikes;['Solar', 'Water Filter']
House for sale;location: Imadol 4 bojepokhari lalitpur nepal;Rs 275;6 months ago;12/12;15000;13;Gravel;2079;0.3.2.1;2461.30;6;2;2;5;East;11/13;['Solar', 'Modular Kitchen', 'Water Well']
Bhaisepati, Wai Wai Chowk House on Sale;location: Kathmandu, Bhaisepati;Rs Rs 38,000,000;7 months ago;12*12 Inchs;10000 Liters;13 Feets;Gravel;2079 B.S.;5 Anna;3218 sq.ft;7;2;2;7;SOUTH-WEST;2 Car & 5 Bikes;['Solar', 'Modular Kitchen', 'Water Well']
Sitapaila House on Sale;location: Kathmandu, Sitapaila-15;Rs Rs 390,00,000;7 months ago;9*12 inchs;12000 Liters;13 Feets;Black Topped;2065 B.S;0.4.2.0;3587 sq.ft;8;2;2;5;SOUTH;2 Car & 5 Bikes;['Solar', 'Modular Kitchen', 'Water Well']
LAZIMPAT PROPERTY ON SALE;location: KATHMANDU, LAZIMPAT;Rs 15500000;7 months ago;12*12 Inch;12000 Liters;22 meters;Black Topped;2065 B.S;3 Paisa;3587 sq.ft;8;2;2;2;EAST/WEST;2 Car & 5 Bikes;['No Amenities Available']
BANESHWOR-10 HOUSE ON SALE;location: KATHMANDU, BANESHWOR;Rs Rs 84 Lakh/Anna( Negotiable);7 months ago;12*12 Inch;12000 Liters;8 Feets;Black Topped;2065 B.S;5.3 Anna;3587 sq.ft;3;2;1;1;SOUTH;1 Car & 5 Bikes;['Water Well']
Chyasindol, Tokha House on Sale;location: Kathmandu, Budhanilkantha, Chyasindol;Rs 14,500,000;7 months ago;9*12 Inch;8000 Liters;13 Feet;Concrete;2072 B.S;2.2 Anna;1316 sq.ft;3;2;2;2;South;1 Car & 2 Bikes;['Solar']
Dhapasi Height Bungalow;location: Kathmandu, Dhapasi Height;Rs Rs 127,500,000;7 months ago;16*16 inch;16000 liters;14 Feet;Concrete;2079 B.S;14 Anna;6512 sq.ft;2;3;1;2;East-North;3 Cars & 4 Bikes;['Solar', 'Water Filter', 'Modular Kitchen', 'Water Well', 'Servent Quarter']
Hattiban Tradtion Fusion Home;location: Lalitpur, Hattiban;Rs 21,500,000/-;7 months ago;12*12 Inchs;12000 Liters;13 Feets;Concrete;2079 B.S.;3 Anna;2267 Sq.ft;5;1;1;3;SOUTH;1 Car & 2 Bikes;['Solar', 'Water Filter', 'Modular Kitchen', 'Water Well']
Kaldhara 7 Anna Land on Sale;location: Kathmandu, Sorakhutee, Kaldhara;Rs 65000000;7 months ago;9*9 Inchs;12000 Liters;8 Feets;Blocks;2048 B.S;7 Anna;2546 sq.ft;9;1;3;3;South-EAST;10 Bikes;['Water Well']
HOUSE ON SALE IN BIRATNAGAR RADHAKRISHNA MANDIR EAST ( PRICE : 3200000 );location: BIRATNAGAR RADHAKRISHNA MANDIR EAST;Rs PRICE : 3200000;8 months ago;call us;call us;call us;call us;call us;7 dhur;1275.75;9;1;3;3;South-EAST;10 Bikes;['Water Well']
Sitapaila House Sale;location: Kathmandu, Sitapaila;Rs Rs 28,500,000;8 months ago;12*12 Inchs;10000 Liters;14 Feet;Concrete;2079 B.S.;3.5 Anna;2320 sq.ft.;4;1;1;4;SOUTH-EAST;1 Car & 3 Bikes;['Solar', 'Modular Kitchen', 'Water Well']
Tahachal Brand New Houses;location: Kathmandu,Bafal,Tahachal;Rs 3.75-4.6 Cr;8 months ago;12*12 Inchs;12000 Liters;14 Feets;Blocks;2079 B.S.;3.5 - 4 Anna;;4;1;1;4;SOUTH;2 Cars & 3 Bikes;['Solar', 'Water Filter', 'Modular Kitchen', 'Water Well']
Dallu House Sale;location: Kathmandu, Dallu;Rs 47000000;8 months ago;12*12 Inchs;12000 Liters;12-13 Feets;Gravel;2074 B.S;5 Anna;3125Sq.ft;12;2;4;5;SOUTH;2 Cars & 3 Bikes;['Solar', 'Water Filter', 'Water Well']
HOUSE ON SALE IN BIRATNAGAR TRIMURTI CHOWK;location: BIRATNAGAR TRIMURTI CHOWK;Rs NRs. 6000000;8 months ago;call us;call us;6ft;gravel;call us;5.5 dhur;3125Sq.ft;12;2;4;5;SOUTH;2 Cars & 3 Bikes;['Water Well']
Sano Bharayang Family House;location: Kathmandu,Nagarjung, Sano bharayang;Rs 25,500,000;8 months ago;12*12 Inchs;10000 Liters;13 Feets;Concrete;2078 B..S;0.2.3.0 Anna;1921 Sq.ft;4;2;2;3;NORTH;8;['Solar', 'Modular Kitchen', 'Water Well']
Sano Bharayang House;location: Kathmandu, Nagarjung, Sano Bharayang;Rs 32,000,000;8 months ago;12*12 Inchs;12000 Liters;13 Feets;Concrete;2079 B.S.;03.0.01;2459 Sq.ft;6;2;2;4;EAST;1 Car & 3 Bikes;['Water Well']
CHANDRAGIRI-6 / RADHAKRISHNA HOUSE ON SALE;location: KATHMANDU, CHANDRAGIRI;Rs 26500000;8 months ago;12*12 Inchs;12000 Liters;13 Feets;Concrete;2079 B.S.;4 Anna;2459 Sq.ft;6;1;1;3;EAST;1 Car & 3 Bikes;['No Amenities Available']
CHANDRAGIRI-6 / RADHAKRISHNA HOUSE ON SALE;location: KATHMANDU, CHANDRAGIRI;Rs 23500000;8 months ago;12*12 Inchs;12000 Liters;13 Feets;Concrete;2078 B..S;0.5.0.1 Anna;2549 Sq.ft;6;2;2;3;EAST;1 Car & 3 Bikes;['No Amenities Available']
HOUSE ON SALE IN BIRATNAGAR 02 WEST OF EAST OF TINPAINI;location: BIRATNAGAR 02 WEST OF EAST OF TINPAINI;Rs 18000000;8 months ago;call us;call us;20 ft;pitched;call us;10 dhur;10 dhur;8;1;2;2;call us;2;['Solar', 'Water Filter', 'Water Well']
BAFAL HOUSE ON SALE;location: KATHMANDU, BAFAL;Rs 30,000,000;8 months ago;call us;call us;12 Feets;Gravel;call us;3 Anna;10 dhur;4;1;1;3;East-South;1 Car & 2 Bikes;['Modular Kitchen', 'Water Well']
CHAMATI HOUSE ON SALE;location: KATHMANDU, CHAMATI;Rs 26500000;8 months ago;;;16 feets;Black Topped;;2.3 Anna;;7;1;1;3;EAST;1 Car & 3 Bikes;['Modular Kitchen']
SANOBHARYANG RESIDENTAL HOME FOR SALE;location: KATHMANDU, SANOBHARYANG;Rs 39800000;8 months ago;;;13 Feet;Concrete;2075 B.S;5 Anna;;6;2;1;5;WEST;1 Car & 5 Bikes;['Water Filter', 'Water Well']
DHAPAKHEL / GAURIGAUN HOUSE ON SALE;location: LALITPUR, HATTIBAN;Rs 34000000;8 months ago;12*12 Inchs;8000 Liters;13 Feets;Gravel;2075 B.S;5 ANNA 3 PAISA;;5;2;1;3;EAST;2 Cars & 12 Bikes;['Water Well']
BHAKTAPUR/ KAUSHALTAR House On Sale;location: BHAKTAPUR, KAUSHALTAR;Rs 32000000;8 months ago;9*12 inch;18000;10 Feets;Blocks;2075 B.S;4 Anna 2 Daam;;5;2;2;4;NORTH;1 Car & 3 Bikes;['Solar', 'Water Filter', 'Modular Kitchen', 'Water Well']
Syuchatar Brand New Home;location: Kathmandu, Syuchatar;Rs 39,500,000;8 months ago;12*12 Inchs;12000 Liters;13 Feets;Blocks;2079 B.S.;4 Anna;2667 Sq.ft;5;2;2;4;EAST-NORTH;1 Car & 4 Bikes;['Solar', 'Water Filter', 'Modular Kitchen', 'Water Well']
New Adheshwor House On Sale;location: Kathmandu, Sitapaila;Rs 28500000;8 months ago;12*12 Inchs;12000 Liters;13 Feet;Concrete;2079 B.S.;3 Anna 3 paisa;2667 Sq.ft;6;2;1;3;NORTH-WEST;1 Car & 3 Bikes;['No Amenities Available']
Sitapaila, Adheshwor House On Sale;location: Kathmandu, Sitapaila;Rs 26000000;8 months ago;12*12 Inchs;12000 Liters;13 Feet;Concrete;2079 B.S.;3 Anna 1 Paisa 2 Dam;2667 Sq.ft;6;1;1;3;SOUTH-WEST;1 Car & 3 Bikes;['No Amenities Available']
Dhungedhara/Sano-Bharyang House On Sale;location: Kathmandu, Sano-Bharyang;Rs 30000000;8 months ago;12*12 Inchs;12000 Liters;14 Feet;Concrete;2079 B.S.;2.3 Anna;2667 Sq.ft;5;1;2;2;EAST;1 Car & 3 Bikes;['Solar', 'Modular Kitchen']
Satungal House On Sale;location: Satungal, Kathmandu;Rs 19500000;8 months ago;12*12 Inchs;12000 Liters;10;Gravel;2079 B.S.;3 Anna;1810 sq.ft;5;2;1;4;EAST-NORTH;1 Car & 2 Bikes;['Modular Kitchen', 'Water Well']
Satungal House On Sale;location: Satungal, Kathmandu;Rs 18500000;8 months ago;;;10 Feets;Concrete;;2.3 Anna;;5;1;1;3;NORTH/EAST;1 Car & 2 Bikes;['No Amenities Available']
Naikap House On Sale;location: Naicap, Kathmandu;Rs 46500000;8 months ago;;;13 Feet;Concrete;;8 Anna 1 paisa;;11;1;2;5;NORTH/EAST;2 Car & 4 Bikes;['No Amenities Available']
Nakhu House on Sale;location: Lalitpur, Bhaisepati, Nakhu;Rs 29000000;9 months ago;12*12 Inchs;10000 Liters;13 Feets;Concrete;2079 B.S;3.1 Anna;2320 sq.ft.;5;1;1;5;EAST-NORTH;1 Car & 3 Bikes;['Modular Kitchen', 'Water Well']
House on sale;location: Narayntar gokarneswhor municipality;Rs 35000000;9 months ago;400*400;10000L;"12""";Concrete paved;2078;4.5 anna;1530;11;4;4;5;Southeast;1 car 3 motercycle;['Modular Kitchen', 'Water Well']
Hattiban House on Sale;location: Lalitpur, Hattiban;Rs Rs .21,500,000/-;9 months ago;12*12 Inchs;10000 Liters;13 Feets;Concrete;2078 B..S;2.3 Anna;2620 sq.ft.;4;1;1;3;SOUTH;1 Car & 3 Bikes;['Water Filter', 'Modular Kitchen', 'Water Well']
House for sale -Thaiba,Godamchaur(6.2kmFromSatdobato);location: Godamchaur, Lalitpur;Rs 29000000;9 months ago;12/12;2000 lt.;13 feet;Gravellled;2069;12 aanaa;2717.50 sq. ft.;14;1;2;6;south;3 cars and 3 bikes;['No Amenities Available']
Nagarjung House on Sale;location: Kathmandu,Sano Bharayang;Rs 2,25,00,000/-;10 months ago;12*12 Inchs;10000 Liters;13 Feets;Concrete;2078 B..S;3 Anna;2120 sq.ft.;4;1;1;4;NORTH;1 Car & 2 Bikes;['Solar', 'Modular Kitchen', 'Water Well']
Two Raniban House On Sale;location: Kathmandu,Raniban;Rs 3.20 CR / 3 CR;10 months ago;12*12 Inchs;1000;20 feet;Concrete;2079 B.S.;3.2 / 3 Anna;2120 sq.ft.;4;2;1;3;North/South;1 Car & 2 Bikes;['Modular Kitchen']
Sitapaila House On Sale;location: Kathmandu, Sitapaila;Rs 28500000;10 months ago;12*12 Inchs;10000 Liters;13 Feets;Concrete;2078 B..S;3.2 Anna;2320 sq.ft.;5;2;2;3;WEST;1 Car & 3 Bikes;['Modular Kitchen', 'Water Well']
Saranpur House on Sale;location: Saranpur, Sitapaila, Kathmandu;Rs 55000000;10 months ago;;;16 feets;Concrete;2063 B.S;9 Anna;;5;1;2;4;NORTH;2 Cars & 3 Bikes;['Solar', 'Servent Quarter']
Kohinoor House for Sale;location: Kathmandu, Bafal;Rs 40000000;10 months ago;9*9 Inch;10000 Liters;20 Feets;Blocks;2065 B.S.;4.2 Anna;2235 Sq.ft;4;1;1;4;NORTH;1 Car & 3 Bikes;['Solar', 'Modular Kitchen', 'Water Well', 'Servent Quarter']
Kuleshwor House& Land on Sale;location: Kathmandu,Kuleshwor;Rs 75000000;10 months ago;9*9 Inches;8000 Liters;22 Feets;Black Topped;2055 B.S;7 Aana;2320 sq.ft.;7;2;2;5;NORTH;1 Car & 3 Bikes;['Water Well']
Dahachok House for Sale;location: Kathmandu, Chandagiri, Khahare;Rs 27000000;10 months ago;12*12 Inches;10,000 Liters;13 Feets;Concrete;2078 B.S.;5.1 Anna;2867 Sq.ft;6;2;2;5;NORTH;2 Car & 3 Bikes;['Solar', 'Modular Kitchen', 'Water Well']
Bhaisepati House on Sale;location: Lalitpur, Bhaisepati, Sainbu;Rs 60000000;10 months ago;9*9 Inchs;12000 Liters;10 Feets;Concrete;2061 B.S.;8 Anna;2731.94 Sq.ft;6;1;1;4;EAST-NORTH;2 Car & 3 Bikes;['Solar', 'Modular Kitchen', 'Water Well']
Bhaisepati House for Sale;location: Lalitpur, Bhaisepati;Rs 37500000;10 months ago;12*12 Inchs;12000 Liters;14 Feets;Blocks;2079 B.S.;3.3 ANna;2300 sq.ft;4;1;1;5;SOUTH-WEST;1 Car & 3 Bikes;['Solar', 'Water Filter', 'Modular Kitchen', 'Water Well']
Imadol New House on Sale;location: Lalitpur, Imadol, Cozy Homes;Rs 28500000;10 months ago;12*12 Inchs;10000 Liters;13 Feets;Concrete;2079 B..S;3 Anna 1 Dam;2427 Sq.ft;5;2;2;3;EAST-SOUTH;1 Car & 3 Bikes;['Water Filter', 'Modular Kitchen', 'Water Well']
Sitapaila Bungalow on Sale;location: Kathmandu, Sitapaila;Rs 6 ,0000,000;10 months ago;12*12 Inchs;12000 Liters;16 feets;Black Topped;2077 B.S;8 Anna;3318 Sq.ft.;5;3;2;5;SOUTH;2 Car & 5 Bikes;['Solar', 'Modular Kitchen']
Buddha Chowk House On Sale;location: Kathmandu, Nagarjung-3, Buddha Chowk;Rs 31000000;11 months ago;12*12 Inchs;10000 Liters;13 Feets;Concrete;2079 B.S.;3 Anna;2867 Sq.ft;8;2;1;4;EAST;1 Car & 3 Bikes;['Water Well']
Rai Chowk House on Sale;location: Karhmandu, Nagarjung-2;Rs 27500000;11 months ago;12*12 Inchs;8000 Liters;13 Feets;Concrete;2079 B..S;2.2 Anna;1712Sq.ft;4;1;1;4;EAST;1 Car & 3 Bikes;['Modular Kitchen', 'Water Well']
Bafal House for Sale;location: Kathmandu, Bafal;Rs 28500000;11 months ago;12*12 Inchs;12000 Liters;12;Concrete;2078 B..S;3 Anna;1712Sq.ft;5;1;2;3;WEST;1 Car & 3 Bikes;['Modular Kitchen', 'Water Well']
SItapaila House on Sale;location: Kathmandu, Sitapaila;Rs 22,000,000;11 months ago;12*12 Inchs;10000 Liters;16 Feets;Gravel;2079 B.S.;3 Anna;2267 Sq.ft;6;1;2;3;NORTH;1 Car & 2 Bikes;['Solar', 'Water Well']
Bafal Brand New House;location: Kathmandu, Bafal;Rs 28500000;11 months ago;12*12 Inchs;10000 Liters;13 Feets;Concrete;2078 B.S.;4 Anna;2711 Sq.ft;7;2;2;4;NORTH;2 Cars & 3 Bikes;['Solar', 'Modular Kitchen', 'Water Well']
Bhimdhunga House;location: Kathmndu, Nagarjung-8;Rs 20500000;1 year ago;12*12 Inchs;10000 Liters;13 Feets;Concrete;2078 B..S;3 Anna;2752 sq.ft;6;2;2;3;NORTH;1 Car & 2 Bikes;['Solar', 'Modular Kitchen', 'Water Well']
Sitapaila House;location: Kathmandu, Nagarjung, Towkhel;Rs 1.8 Crore;1 year ago;12*12 Inchs;10000 Liters;16 Feets;Gravel;2078 B..S;0.2.2.2;1451 Sq.ft;4;1;2;2;SOUTH;1 Car & 2 Bikes;['Water Well']
SItapaila 6 Plots;location: Kathmandu, Sitapaila-5,Sankata;Rs 35 Lakh Per Anna;1 year ago;12*12 Inchs;10000 Liters;13 Feets;Gravel;2078 B..S;3-5 Anna;1451 Sq.ft;4;1;2;2;East-South;1 Car & 2 Bikes;['No Amenities Available']
Nagarjung Plotting;location: Kathmandu,Nagajung-7, Bhimdhunga;Rs Starting from 24 Lakh per Anna;1 year ago;12*12 Inchs;10000 Liters;13 Feets;Gravel;2078 B..S;3-8 Anna;1451 Sq.ft;4;1;2;2;East-South;1 Car & 2 Bikes;['No Amenities Available']
Nakhu House;location: Lalitpur, Nakhu;Rs 39000000;1 year ago;12*12 Inchs;12000 Liters;13 Feets;Concrete;2078 B..S;0.5.2.1;2684 Sq.ft.;4;1;1;3;NORTH/EAST;1 Car & 4 Bikes;['Solar', 'Modular Kitchen', 'Water Well']
Ekdhara House;location: Kathmandu, Nagarjung-3, Ekdhara;Rs 47,000,000;1 year ago;9*9 Inch;12000 Liters;13 Feets;Concrete;2063 B.S;6 Anna;4198 Sq.ft;9;3;3;4;EAST;2 Cars & 3 Bikes;['Modular Kitchen', 'Water Well']
Sitapaila Bungalow;location: Kathmandu, Sitapaila;Rs 5 Crore;1 year ago;12*12 Inchs;12000 Liters;16 feets;Black Topped;2072 B.S.;7.2 Anna;2697 Sq.ft;5;2;1;5;EAST-NORTH;1 Car & 3 Bikes;['Solar', 'Water Filter', 'Modular Kitchen', 'Water Well', 'Servent Quarter']
Banglow House for Sale;location: Kathmandu, Sitapaila;Rs 37,500,000;1 year ago;12*12 Inchs;10000 Liters;16 feets;Black Topped;2073 B.S;5 Anna;2320 sq.ft.;4;1;1;4;South-EAST;1 Car & 3 Bikes;['Solar', 'Water Filter', 'Modular Kitchen']
Residential House For Sale.;location: Kathmandu, Ramkot, Nagarjung-6;Rs 24000000;1 year ago;12*12 Inchs;10000 Liters;13 Feet;Blocks;2078 B.S.;3.3.3 AANA;2445 sq.ft;4;2;1;3;SOUTH-WEST;1 Car & 3 Bikes;['Solar', 'Water Well']
Dallu House;location: Kathmandu, Dallu;Rs 29500000;1 year ago;12*12 Inchs;12000 Liters;13 Feets;Concrete;2078 B..S;3 Anna;2267 Sq.ft;4;1;1;3;NORTH;1 Car & 3 Bikes;['Solar', 'Modular Kitchen', 'Water Well']
Upper Bhangal Bungalow;location: Kathmandu, Budhanilkantha, Bhangal;Rs 125000000;1 year ago;12*12 Inch;12000 Liters;13 Feet;Concrete;2065 B.s;20 Anna;4208 Sq.ft;4;1;1;5;EAST;10 Cars & 10-15 Bikes;['Solar', 'Modular Kitchen', 'Servent Quarter']
Residential Bungalow For Sale.;location: Kathmandu, Sita-paila;Rs 33500000;1 year ago;12*12 Inch;14000;22 Feets;Gravel;2076 B.S;4.5 anna;2674.25 sq.ft;6;1;1;5;EAST-NORTH;2 Car & 5 Bikes;['Solar', 'Modular Kitchen', 'Water Well']
Raniban Radhakrishna Home;location: Kathmandu, Raniban, Radha Krishna;Rs 4.25 Crore;1 year ago;12*12 Inch;14000;20 Feets;Black Topped;2078 B.S.;0.4.2.1;3129.98;6;2;2;4;South-West;1 Car & 3 Bikes;['Solar', 'Modular Kitchen', 'Water Well']
Raniban Banglow For Sale;location: Kathmandu,Raniban, Kharibot;Rs 4.25 Crore;1 year ago;12*12 Inchs;12000 liters;20 Feets;Concrete;2077 B.S;4.3 Anna;3120 Sq.ft.;3;1;1;3;East;2 Cars & 5 Bikes;['Solar', 'Modular Kitchen', 'Water Well']
Brand New House For Sale.;location: Kathmandu, Sitapaila-5;Rs 29000000;1 year ago;12*12 Inch;10000 Liters;13 Feet;Gravel;2078 B..S;3.5 anna;;5;2;2;4;EAST;1 Car & 3 Bikes;['Solar', 'Water Well']
Brand New House For Sale.;location: Kathmandu, Bafal;Rs 28500000;1 year ago;12*12 Inch;12000 Liters;13 Feet;Gravel;2078 B..S;4 Anna;;5;2;2;3;SOUTH-WEST;1 Car & 3 Bikes;['Modular Kitchen', 'Water Well']
Residential House For Sale.;location: Kathmandu, Lolang, Aryatar;Rs 18500000;1 year ago;12*12 Inch;12000 Liters;10 Feets;Gravel;2078 B..S;4.1.2 Anna;;6;3;2;3;SOUTH-WEST;1 Car & 3 Bikes;['Water Well']
Residential House For Sale.;location: Kathmandu, Thulo-bharyang, Halchowk;Rs 28000000;1 year ago;12*12 Inch;10000 Liters;13 Feet;Black Topped;2078 B..S;3 Anna;;4;2;2;3;EAST;1 Car & 3 Bikes;['Solar', 'Modular Kitchen', 'Water Well']
Thulo Bharayang House;location: Kathmandu, Thulo Bharayang;Rs 32500000;1 year ago;12*12 Inchs;12000 Liters;10 Feets;Concrete;2078 B..S;3.2 Anna;2267 Sq.ft;5;2;2;4;SOUTH;1 Car & 3 Bikes;['Solar', 'Modular Kitchen', 'Water Well']
Ramkot House;location: Kathmandu, Ramkot;Rs 30500000;1 year ago;12*12 Inchs;12000 Liters;26 Feet's;Gravel;2074 B.S;0.4.0.2 Anna;2267 Sq.ft;6;2;2;4;EAST-NORTH;2 Cars & 3 Bikes;['Modular Kitchen', 'Water Well']
Sangam Semi-Commercial House;location: Kathmandu, Tarkeshwor, Sangam Tole;Rs 36000000;1 year ago;12*12 Inchs;12000 Liters;20 feets;Black Topped;2078 B..S;3.2 Anna;3122 Sq.ft;6;2;2;4;NORTH-WEST;1 Car & 3 Bikes;['Solar', 'Modular Kitchen', 'Water Well']
Adeshwor Banglow;location: Kathmandu, Sitapaila, Adeshwor;Rs 26000000;1 year ago;12*12 Inchs;180000 liters;13 Feet;Concrete;2077 B.S;3 Anna;1810 sq.ft;4;1;1;4;EAST;1 Car & 3 Bikes;['Solar', 'Water Filter', 'Modular Kitchen', 'Water Well']
Residential Bungalow For Sale.;location: Kathmandu, Sitapaila, Adeshwor;Rs 26500000;1 year ago;9*12 inch;10000 Liters;15 Feets;Concrete;2068 B.S;4 Anna;1810 sq.ft;5;1;1;4;EAST;1 Car & 3 Bikes;['Water Well']
Sano Bharayang House;location: Kathmandu, Sano bharyang;Rs 43000000;1 year ago;12*12 Inchs;12000 Liters;16 feets;Concrete;2077 B..S;5 Anna;3480 sq.ft;8;2;2;5;SOUTH-WEST;2 Cars & 3 Bikes;['Solar', 'Water Filter', 'Modular Kitchen', 'Water Well']
Adeshwor House;location: Kathmandu, Sitapaila, Adeshwor;Rs 30,500,000;1 year ago;12*12 Inchs;12000 Liters;16 feets;Black Topped;2078 B..S;4 Anna;3103 Sq.Ft.;6;3;3;6;WEST;1 Car & 5 Bikes;['Modular Kitchen', 'Water Well']
Golfutar Height Banglow;location: Kathmandu, Golfutar;Rs 7.75 Crore;1 year ago;12*12 Inchs;12000 Liters;14 Feets;Black Topped;2078 B..S;0-8-2-0;3103 Sq.Ft.;7;3;1;5;NORTH;5 Cars & 6 Bikes;['Solar', 'Water Filter', 'Modular Kitchen', 'Water Well', 'Servent Quarter']
Sitapaila House;location: Kathmandu, Sitapaila, Banglamukhi;Rs 23,500,000;1 year ago;12*12 Inch;12000 Liters;13 Feets;Concrete;2074 B.S;3.2.2 Anna;1715 sq.ft;7;3;2;3;EAST;1 Car & 3 Bikes;['Modular Kitchen', 'Water Well']
Dallu New House;location: Kathmandu, Dallu;Rs 46,500,000;1 year ago;12*12 Inch;12000 Liters;13 Feet;Concrete;2078 B..S;4 Anna;1715 sq.ft;7;2;2;5;SOUTH;1 Car & 4 Bikes;['Modular Kitchen']
Syuchatar House;location: Kathmandu, Syuchatar;Rs 22,000,000;1 year ago;12*12 Inch;10,000 Liters;10 Feets;Concrete;2078 B..S;4.5 anna;1715 sq.ft;7;1;2;4;SOUTH;1 Car & 3 Bikes;['Solar', 'Modular Kitchen', 'Water Well']
Dallu House;location: kathmandu, dallu;Rs 40,000,000;1 year ago;12*12 Inch;12000 Liters;13 Feet;Concrete;2078 B..S;4 Anna;2267 Sq.ft;6;2;2;4;SOUTH;2 Cars & 3 Bikes;['Solar', 'Water Filter', 'Modular Kitchen']
Banglamukhi House;location: Kathmandu, Banglamukhi, Sitapaila;Rs 2,90,00,000;1 year ago;12*12 Inch;2000 Liters;16 feets;Concrete;2074 B.S;3.2 Anna;2267 Sq.ft;7;2;2;5;EAST;1 Car & 3 Bikes;['Solar', 'Water Well']
Beautiful House On Sale.;location: Rumba chowk, Sano bharyang, Kathmandu;Rs 2,75,00,000;1 year ago;12*12 Inch;2000 Liters;14 Feet;Concrete;2074 B.S;3.2 Anna;1810 sq.ft;4;3;2;3;East-South;2 Car & 5 Bikes;['Modular Kitchen', 'Water Well']
Raniban house For Sale;location: Kathmandu, Nagarjung, Raniban;Rs 20,000,000;1 year ago;12*12 Inch;8000 Liters;12 Feets;Concrete;2074 B.S;3 Anna;1721 Sq.ft.;4;;1;3;EAST;1 Car & 3 Bikes;['Solar', 'Modular Kitchen', 'Water Well']
Semi-commercial property in Raniban;location: Kathmandu, Raniban;Rs 62000000;1 year ago;12*12 Inch;2000 Liters;18 Feet;Black Topped;2075 B.S;5.5 Anna;2950 square feet;5;2;1;5;NORTH;2 Car & 5 Bikes;['Solar', 'Water Filter', 'Modular Kitchen', 'Water Well']
Sano Bharyang;location: Kathmandu, Sano bharyang;Rs 36000000;1 year ago;12*12 Inch;12000 Liters;16 feet;Concrete;2078 B.S.;4.1 Anna;2785 square feet;7;3;2;3;WEST;1 Car & 5 Bikes;['Solar', 'Water Filter', 'Modular Kitchen', 'Water Well']
House on Magargaun;location: Lalitpur, Magargaun;Rs 30,000,000;1 year ago;12*12 Inch;10000 Liters;13 Feet;Gravel;2078 B..S;3.3 Anna;1954 Sq.ft.;4;2;2;3;WEST;1 Car & 3 Bikes;['Solar', 'Modular Kitchen', 'Water Well']
Yekaltar Raniban;location: Kathmandu, Raniban, Yekaltar;Rs 30,000,000;1 year ago;12*12 Inchs;10,000 liters;13 Feets;Gravel;2078 B.S;3 ANNA;1705 Sq.ft;3;2;2;3;West;1 Car & 3 Bikes;['Solar', 'Modular Kitchen', 'Water Well']
Raniban New House;location: Kathmandu, Raniban;Rs 47,500,000;1 year ago;12*12 Inch;12000 Liters;22 Feets;Black Topped;2078 B.S.;5 Anna;2267 Sq.ft;5;1;1;5;SOUTH;2 Car & 5 Bikes;['Solar', 'Modular Kitchen', 'Water Well']
Hatti Gauda House;location: Kathmandu,Hatti Gauda;Rs Rs 3,00,00,000;1 year ago;12*12 Inch;12000 Liters;22 Feets;Gravel;2078 B.S;7 Aana;2267 Sq.ft;7;2;2;5;East-South;6 Car & 8 Bikes;['Solar', 'Modular Kitchen', 'Water Well']
Hatigauda House;location: Kathmandu, Hatigauda;Rs Rs 26,000,000;1 year ago;12*12 Inch;12000 liters;22 Feets;Gravel;2078 B.S;5 Anna;2267 Sq.ft;4;2;2;5;East;2 Cars & 5 Bikes;['Solar', 'Modular Kitchen', 'Water Well']
Chandagiri House;location: Kathmandu, Chandagiri, Gokul Party;Rs 25,500,000;1 year ago;12*12 Inch;10000 Liters;13 Feet;Concrete;2077 B.S;4 Anna;2867 Sq.ft;4;2;2;4;EAST-NORTH;1 Car & 5 Bikes;['Modular Kitchen', 'Water Well']
Syuchatar House;location: Kathmandu, Syuchatar;Rs 22,000,000;1 year ago;9*12 inch;6000 Liters;14 Feet;Black Topped;2070 B.S;4 Anna;;5;1;1;2;NORTH;1 Car & 3 Bikes;['Solar', 'Modular Kitchen', 'Water Well']
Budhanilkantha;location: Kathmandu, Budhanilkantha, Wasik;Rs 37,500,000;1 year ago;12*12 Inch;12000 liters;13 Feet;Concrete;2078 B.S;5 Anna;2750 Sq.ft;5;1;1;4;South;2 Cars & 5 Bikes;['Solar', 'Water Filter', 'Modular Kitchen', 'Water Well']
Ramkot House;location: Kathmandu, Raamkot;Rs RS 18,500,000;1 year ago;12*12 Inch;8000 Liters;12 Feet;Gravel;2078 B.S;3 Anna 1 Dam;1826.23 Sq.ft;5;2;2;3;North;1 Car & 2 Bikes;['Water Well']
KIMDOL HOUSE;location: Kathmandu, Swoyambhu, Kimdol;Rs 25,000,000;1 year ago;12*12 Inch;14000 liters;12 Feet;Gravel;2076;2 Anna 3 Paisa;1685.23 Sq.ft;6;2;2;4;North;1 Car & 2 Bikes;['Modular Kitchen']
Sano Bharayang New House;location: Kathmandu, Sano Bhanrayang;Rs 25,000,000;1 year ago;12*12;12000 liters;13 Feet;Concrete;2078 B..S;3.1 anna;1685.23 Sq.ft;6;2;2;3;SOUTH;1 Car & 3 Bikes;['Solar', 'Modular Kitchen']
Taukhel Land;location: Kathmandu, Sitapaila, Taukhel;Rs 3500000 Per Anna;1 year ago;12*12;12000 liters;20 Feet;Black Topped;2078 B..S;3.1 anna;1685.23 Sq.ft;6;2;2;3;South;1 Car & 3 Bikes;['No Amenities Available']
Nakhipot House;location: Lalitpur, Nakhipot;Rs 28,500,000;1 year ago;12*12inch;12000 liters;18 Feet;Black Topped;2077 B.S;3 Anna 3 Paisa;2225 Sq.ft.;4;1;1;4;WEST;1 Car & 3 Bikes;['Solar', 'Water Filter', 'Modular Kitchen', 'Water Well']
Gairigau House;location: Kathmandu, Gairgaun;Rs 23500000;1 year ago;12*12;12000 liters;13 Feet;Concrete;2075;4 Anna 2 Paisa;2750 Sq.ft;8;1;1;3;West;1 Car & 3 Bikes;['Water Well']
Surya Darshan Height;location: Kathmandu, Tokha, Suryadarshan Height;Rs 22500000;1 year ago;12*12;12000 liters;16/20 Feet;Black Topped;2077;3 ANNA;1805 Sq.ft;3;1;2;3;East-South;1 Car & 3 Bikes;['Solar', 'Modular Kitchen', 'Water Well']
Dhaneshwor height;location: Kathmandu, Tokha, Dhaneshwor Height;Rs 27,000,000;1 year ago;12*12;12000 liters;13 Feet;Concrete;2078 B.S;4 Anna;2505 Sq.ft;6;2;2;4;North-West;2 Cars & 3 Bikes;['Solar', 'Water Well']
Grande Futsal House;location: Kathmandu, Grande, Futsal;Rs 37,000,000;1 year ago;14*14;12000 liters;16 Feet;Black Topped;2078 B.S;3 Anna 1 Paisa;1905 Sq.ft;4;2;2;4;South-West;1 Car & 3 Bikes;['Solar', 'Water Filter', 'Modular Kitchen', 'Water Well']
KHUMALTAR House;location: Lalitpur, Khumaltar;Rs 35,000,000;1 year ago;12*12;12000 liters;13 Feet;Stone Paved;2078 B.S;4 Anna;2750 Sq.ft;6;2;2;4;East;1 Car & 3 Bikes;['Solar', 'Modular Kitchen', 'Water Well']
KHUMALTAR House;location: Lalitpur. Khumaltar;Rs 25,000,000;1 year ago;9*12;12000 liters;16 Feet;Black Topped;2072;3 Anna 2 Paisa;1905 Sq.ft;6;1;2;3;South;1 Car & 3 Bikes;['Solar', 'Modular Kitchen']
Jharuwarashi House;location: Lalitpur, Jharuwarasi;Rs 16000000;1 year ago;Wall system;10,000;20 Feet;Black Topped;2069;6 Anna;1905 Sq.ft;4;1;1;1;East;2 Cars & 5 Bikes;['Solar', 'Water Well']
Bafal New House;location: Kathmandu, Bafal;Rs 35,000,000;1 year ago;12*12;12000 liters;10-12 Feet;Concrete;2078 B.S;3 ANNA;2125 Sq.ft.;6;1;2;3;North;1 Car & 2 Bikes;['Solar', 'Modular Kitchen', 'Water Well']
Rai Chowk New Home;location: Kathmandu, Ichangunarayan, Rai chowk;Rs 27,500,000;1 year ago;12*12 Inch;10,000 feet;12 Feet;Concrete;2078 B.S;0.3.1.2;2750 Sq.ft;5;2;2;3;South-East;1 Car & 3 Bikes;['Solar', 'Modular Kitchen', 'Water Well']
Bafal Duplex Home;location: Kathmandu, Sitapaila, Bafal;Rs 3,30,00,000;1 year ago;12*12;12000 liters;10 Feets;Concrete;2076;4 Anna;3245 sq.ft;6;2;2;3;West;1 Car & 3 Bikes;['Solar', 'Water Filter', 'Modular Kitchen', 'Water Well']
Modern Concept Resident;location: Kathmandu, Kapan;Rs 4.75 Crore;1 year ago;16*16 inch;10,000;15 Feet;Gravel;2075;4 Anna 2 Paisa 2 Dam;3257 Sq.ft;5;2;1;5;South-West;1 Car & 3 Bikes;['Modular Kitchen', 'Water Well']
Home at Tarkeshwor;location: Kathmandu, Tarkeshwor, Basantacolony;Rs 23,000,000;1 year ago;12*12 & 9*12;12000 liters;18 Feet;Gravel;2071;5 Anna;3 Anna;7;2;2;4;EAST-SOUTH;2 Cars & 5 Bikes;['No Amenities Available']
Sano Bharayang Home;location: Kathmandu, Sano Bharayang;Rs 5 Crore;1 year ago;9*12;12000 liters;14 Feet;Stone Paved;2071;10 Anna;3 Anna 2 Paisa;8;3;2;5;West;3 Cars & 4 Bikes;['No Amenities Available']
Family Friendly Banglow;location: Kathmandu,Banasthali;Rs 7 Crore;1 year ago;12*12;18000 Ltr;20 Feet;Black Topped;2071;11 Anna;2152 Sq.ft;4;1;1;5;East;3 Cars & 2 Bikes;['Solar', 'Water Filter', 'Modular Kitchen', 'Water Well']
Tusal Residential Home;location: Kathmandu, Nepaltar, Tusal;Rs 3,65,00,000;2 years ago;16*16 inch;12000 liters;13 Feet;Black Topped;2075;5 Anna 1 Paisa;3158Sq.ft;6;2;3;5;West;2 Cars & 5 Bikes;['Solar', 'Modular Kitchen']
Brand New Home;location: Kathmandu, Dahachowk;Rs 18,500,000;2 years ago;16*16 inch;12000 liters;13 Feet;Black Topped;2077;4 Anna;3158Sq.ft;4;2;2;3;East;2 Cars & 5 Bikes;['No Amenities Available']
Budhanilkantha Banglow;location: Kathmandu, Budhanilkantha;Rs 55,000,000;2 years ago;16*16 inch;12000 liters;13 Feet;Black Topped;2077;7 Anna 2 Paisa;3158Sq.ft;5;1;1;4;East- North;4 Cars & 4 Bikes;['No Amenities Available']
Sano Bharayang  Home;location: Kathmandu, Sano Bhanrayang;Rs 31,500,000;2 years ago;16*16 inch;12000 liters;13 Feet;Black Topped;2077;4 Anna 2 Paisa;3158Sq.ft;6;2;2;5;South-West;1 Car & 5 Bikes;['No Amenities Available']
Banglow at Budhanilkanta;location: Kathmandu, Budhanilkantha;Rs 7,00,00,000;2 years ago;16*16 inch;12000 liters;13 Feet;Black Topped;2076;1 Ropani;3158Sq.ft;4;1;1;7;North;4 Cars & 8 Bikes;['No Amenities Available']
Sano Bharayang  Home;location: Kathmandu, Sano Bhanrayang;Rs 2,70,00,000;2 years ago;16*16 inch;12000 liters;13 Feet;Black Topped;2077;3 Anna 1 Paisa;828 Sq.ft.;4;1;2;4;East- North;1 Car & 3 Bikes;['No Amenities Available']
Sitapaila Home;location: Kathmandu, Sitapaila;Rs 28000000;2 years ago;;;;;2077;3 Anna 2 Paisa;2901;3;1;2;3;South;1 Car & 3 Bikes;['No Amenities Available']
Sitapaila New HOME;location: Kathmandu, Sitapaila;Rs 23000000;2 years ago;12*12;12000 liters;16 Feet;Concrete;2077;3 ANNA;2709.32 Sq.ft;5;2;2;3;South;1 Car & 3 Bikes;['Solar', 'Water Well']
Kusunti Home For Sale;location: Lalitpur, Kusunti Area;Rs 3,65,00,000;2 years ago;12*12;12000 liters;16 Feet;Concrete;2077;5 Anna 2 Paisa 2 Dam;2205 Sq.ft;4;1;1;4;North-West;2 Cars & 3Bikes;['No Amenities Available']
Ramkot Home;location: Kathmandu, Mahankal , Ramkot;Rs 2,30,00,000;2 years ago;12*12;12000 liters;16 Feet;Concrete;2077;4 Anna 1 Paisa;2205 Sq.ft;6;2;1;4;East;1 Car & 4 Bikes;['No Amenities Available']
Sankata Home for Sale;location: Kathmandu, Sitapaila;Rs 24,000,000;2 years ago;12*12;12000 liters;16 Feet;Concrete;2074;4 Anna 1 Paisa;2205 Sq.ft;6;2;2;3;EAST-SOUTH;1 Car & 3 Bikes;['No Amenities Available']
DALLU Awas;location: kathmandu,dallu;Rs 40,000,000;2 years ago;12*12;12000 liters;16 Feet;Concrete;2061;4 Anna 3 Dam;3287;5;1;2;3;West;1 Car & 3 Bikes;['No Amenities Available']
Narayanthan Banglow;location: Kathmandu, Budhanilkantha;Rs 105,000,000;2 years ago;12*12;12000 liters;16 Feet;Concrete;2061;21 Anna;3287;5;1;1;5;SOUTH;5 Cars & 12 Bikes;['No Amenities Available']
Narayanthan Home On Sale;location: Kathmandu, Budhanikantha-5;Rs 45,000,000;2 years ago;12*12;12000 liters;16 Feet;Concrete;2075;6 Anna;1026.75 Sq.ft;5;1;1;4;North;2 Cars & 5 Bikes;['No Amenities Available']
Budhanilkantha Banglow On Sale;location: Narayanthan, Budhanilkantha;Rs 120,000,000;2 years ago;12*12;12000 liters;16 Feet;Concrete;2069;27 Anna;3157 Sq.ft;5;2;1;5;EAST-SOUTH;6 Cars & 10 Bikes;['No Amenities Available']
Banglow On Sale;location: Kathmandu, Budhanilkantha;Rs 100000000;2 years ago;;;;;2074;20 Anna;3146 Sq.ft;5;2;1;5;WEST;3 Cars & 4 Bikes;['No Amenities Available']
Sano Bharayang  Home;location: Kathmandu, Sano Bhanrayang;Rs 30000000;2 years ago;;;;;2074;3 Anna 2 Paisa;3146 Sq.ft;4;1;1;4;South;Bikes;['No Amenities Available']
Bagaicha Housing;location: Kathmandu, Budhanilkantha-1;Rs 55,000,000;2 years ago;;;;;2077;7 Anna 2 Paisa;3146 Sq.ft;4;1;1;4;South-West;1 Car & 4 Bikes;['No Amenities Available']
Property On Ganeshthan On Sale;location: Kathmandu, Gongabu, SIdditole;Rs 90,000,000;2 years ago;;;;;2077;12 Anna;3146 Sq.ft;14;5;5;10;WEST-NORTH;4 Cars & 8 Bikes;['No Amenities Available']
Boudhanath Property On Sale;location: Kathmandu, Boudha;Rs 185,000,000;2 years ago;;;;;2065;11 Anna;4532 Sq.ft;11;4;4;5;SOUTH;4 Cars & 8 Bikes;['No Amenities Available']
Halchowk Banglow;location: Kathmandu, Halchowk, Pachdhara;Rs 36,000,000;2 years ago;;;;;2065;4 Anna 2 Paisa;1072.25;5;2;1;4;South;1 Car & 4 Bikes;['No Amenities Available']
Padma Colony New Home;location: Kathmandu, Sitapaila;Rs 31,500,000;2 years ago;14*14 Inch;9000 Ltr;13 Feet;Black Topped;2075;5 Anna 1 Paisa 1 Dam;2750 Sq.ft;6;2;2;5;East- North;2 Cars & 4 Bikes;['Solar', 'Modular Kitchen']
Dhapasi Height Home;location: Kathmandu, Dhapasi,;Rs 25,000,000;2 years ago;14*14 Inch;9000 Ltr;13 Feet;Black Topped;2074;4 Anna;2750 Sq.ft;6;2;2;3;South-West;1 Car & 4 Bikes;['No Amenities Available']
Sano Bharayang  Home;location: Kathmandu, Sano Bhanrayang;Rs 3,40,00,000;2 years ago;14*14 Inch;9000 Ltr;13 Feet;Black Topped;2075;4 Anna 1 Paisa;2750 Sq.ft;5;2;2;4;East;2 Cars & 3 Bikes;['No Amenities Available']
Chauni Home;location: Kathmandu, Chauni;Rs 2,70,00,000;2 years ago;;;;;;4 Anna 2 Paisa 2 Dam;;5;1;2;3;East- South;8 Bikes;['No Amenities Available']
EXCLUSIVE PROPERTY ON SALE;location: Kathmandu, Raniban, Tinghare;Rs 3,00,00,000;2 years ago;;;;;2077;4 Anna 2 Paisa;;5;2;2;3;WEST;1 Car & 4 Bikes;['No Amenities Available']
Balambu New Home;location: Kathmandu, Satungal, Balambu;Rs 1,80,00,000;2 years ago;;;;;2077;3 Anna 2 Paisa 2 Dam;;5;2;1;4;East;1 Car & 5 Bikes;['No Amenities Available']
Balambu New Home;location: Kathmandu, Satungal, Balambu;Rs 1,80,00,000;2 years ago;;;;;2077;3 Anna 2 Paisa 2 Dam;;5;2;1;4;East;1 Car & 4 Bikes;['No Amenities Available']
Thankot New Resident;location: Kathmandu, Thankot;Rs 1,65,00,000;2 years ago;;;;;2077;3 ANNA;;4;2;1;3;WEST;1 Car & 4 Bikes;['No Amenities Available']
Thankot Home;location: Kathmandu, Thankot, Om Basti;Rs 1,40,00,000;2 years ago;;;;;2077;3 ANNA;;2;2;2;3;East;1 Car & 3 Bikes;['No Amenities Available']
Pachdhara Home at Sale;location: Kathmandu, Halchowk, Pachdhara;Rs 26,000,000;2 years ago;;;;;2077;4 Anna 1 Paisa;;4;2;2;3;North;1 Car & 3 Bikes;['No Amenities Available']
Kimdol Resident Home On Sale;location: Kathmandu, Swoyambhu, Kimdol, Thado Bharayang;Rs 34,000,000;2 years ago;12*12;12000;13 Feet;Black Topped;2075;4 Anna;;5;3;2;3;North;1 Car & 4 Bikes;['No Amenities Available']
Tahachal New Home;location: Kathmandu,Tahachal;Rs 55000000;2 years ago;16*16 inch;16000;16 Feet;Stone Paved;2077;5 Anna 2 Paisa;;7;2;1;9;East- North;1 Car & 5 Bikes;['No Amenities Available']
Tahachal New Home;location: Kathmandu,Tahachal;Rs 5,25,00,000;2 years ago;16*16 inch;16000 liters;16 Feet;Stone Paved;2077;5 Anna 2 Paisa;;7;2;1;8;North;1 Car & 5 Bikes;['No Amenities Available']
Kalanki L.R.I School Area;location: Kathmandu,Kalanki, LRI School Area;Rs 3,00,00,000;2 years ago;16*16 inch;16000 liters;16 Feet;Stone Paved;2077;4 Anna 2 Paisa;;4;1;1;3;WEST-SOUTH;1 Car & 3 Bikes;['No Amenities Available']
3 Ghare, Raniban  Home;location: Kathmandu, Raniban;Rs 30,000,000;2 years ago;16*16 inch;16000 liters;16 Feet;Stone Paved;2077;4 Anna 2 Paisa;;5;2;2;4;North;3 Cars & 4 Bikes;['No Amenities Available']
Jarankhu Home At Sale;location: Kathmandhu, Tarkeshwor, Jarankhu;Rs 21,000,000;2 years ago;16*16 inch;16000 liters;16 Feet;Stone Paved;2077;4 Anna 2 Paisa;;5;2;2;4;North;3 Cars & 4 Bikes;['No Amenities Available']
Padma Colony Phase III;location: Kathmandu, Sitapiala;Rs 26,000,000;2 years ago;16*16 inch;16000 liters;16 Feet;Stone Paved;2076;4 Anna 2 Paisa;;4;1;1;4;West-East-North;1 Car & 3 Bikes;['No Amenities Available']
Bhatbhateni Apartment;location: Kathmandu, Bhatbhateni, Naxal;Rs 30,000,000;2 years ago;16*16 inch;16000 liters;16 Feet;Stone Paved;2076;4 Anna 2 Paisa;1700 Sq.ft;3;1;1;3;South;1 Car & 3 Bikes;['No Amenities Available']
